Range,GC,QC,QCG,ST,IB,MSM,SI,CV,CFC,CU,GE,CL
0.0-0.1,0.869453145823259,0.793831832240168,0.795247863366966,0.788923240325282,0.844928150686744,0.772888486319551,0.729365511565506,0.578668142811237,0.710635703574582,0.838629975225102,0.872967145551814,0.942618160839286
0.1-0.2,0.81601012948172,0.728862501636457,0.723491703335724,0.789307263701274,0.806928212614886,0.686523374781709,0.590171269795016,0.543461226376435,0.657595959169223,0.802372035966082,0.820013327170056,0.926340140326577
0.2-0.3,0.783517363007584,0.71384876054693,0.68925222391628,0.772219283050328,0.781083380554515,0.596374574909075,0.512530248068089,0.523842620470457,0.629271981104009,0.779979480150134,0.786677480168646,0.923349689222642
0.3-0.4,0.737199726139946,0.680124036819991,0.651583774627673,0.734129192472329,0.746445834413665,0.468976337344949,0.47403232283891,0.462597101054708,0.538013757661719,0.746503230764798,0.74894716188183,0.927308827949901
0.4-0.5,0.737104892037398,0.674686827115647,0.67369690866282,0.706053734775817,0.722926652492903,0.440582644824867,0.450187623969595,0.411892155534757,0.481278288456039,0.721066275242515,0.744370307204414,0.939005537004064
0.5-0.6,0.810119780077484,0.726496957232004,0.764967847596293,0.685932317523485,0.740805977049501,0.43861572226273,0.453500009021711,0.408439896773098,0.466820475878784,0.738565421169554,0.807781389599493,0.965493300537459
0.6-0.7,0.89839461254676,0.781610990837458,0.871011849030051,0.64686126165368,0.745529291572575,0.463494020152384,0.490397987065119,0.433461259151146,0.48062710708918,0.744324474568759,0.895781029400768,0.984630006419761
0.7-0.8,0.955521408601475,0.777261819997172,0.941994230546497,0.529739506058402,0.669184721357577,0.474080611414499,0.478523560863527,0.451511295626967,0.466019472605839,0.667567342980536,0.948376494591921,0.989331541835686
0.8-0.9,0.996564289432587,0.916820947655546,0.994603505118862,0.563497934812834,0.745182095128569,0.500066794592832,0.541718886243726,0.495854197568241,0.518841357033797,0.763313196941679,0.996564289432587,0.999262536873156